data,time_start,time_stop,count_move,caps_num,size_rect,count_rect,screen
20200101,010101,010101,0,0.0,0,0,none
20200529,221811,224816,1391,1762607.0,14124.0,9,20200529-221811-224816.jpg
20200529,224821,231826,1401,1752255.0,4383.0,2,20200529-224821-231826.jpg
20200529,231831,234836,52606,1754250.6666666667,15205.5,3,20200529-231831-234836.jpg
20200529,234841,000001,459,648833.3333333334,1381.5,2,20200529-234841-000001.jpg
20200530,000006,003011,874,1723951.3333333335,1619.0,2,20200530-000006-003011.jpg
20200530,003016,010021,861,1771610.0000000002,1972.0,3,20200530-003016-010021.jpg
